{
	"ret": true,
	"data": {
	  "hot": [{
	  	  "id": "0001",
	  	  "name": "沐小木",
	  	  "desc": "我的运动日记",
	  	  "num": "132",
	  	  "imgUrl": "http://static1.keepcdn.com/picture/2018/01/13/14/5eea9e220daf0a088c79221d16a06bda8a364841_1482x1483.jpg?imageMogr2/thumbnail/306x/quality/95"
	  	},{
	  	  "id": "0002",
	  	  "name": "沐小木",
	  	  "desc": "我的运动日记",
	  	  "num": "132",
	  	  "imgUrl": "http://static1.keepcdn.com/picture/2018/01/12/19/10b0ca98c1466d7646cad9cd950f0e70d293838c_2000x1500.jpg?imageMogr2/thumbnail/306x/quality/95"
	  	},{
	  	  "id": "0003",
	  	  "name": "沐小木",
	  	  "desc": "我的运动日记",
	  	  "num": "132",
	  	  "imgUrl": "http://static1.keepcdn.com/picture/2018/01/10/18/c3adfc36ef932bf462b775d5d2123ccbe2fd86e9_1863x1863.jpg?imageMogr2/thumbnail/306x/quality/95"
	  	},{
	  	  "id": "0004",
	  	  "name": "沐小木",
	  	  "desc": "我的运动日记",
	  	  "num": "132",
	  	  "imgUrl": "http://static1.keepcdn.com/picture/2018/01/12/08/eaa5d94cf81731ebe8d92d1ff78f971399a6bf4b_1242x1242.jpg?imageMogr2/thumbnail/306x/quality/95"
	  	},{
	  	  "id": "0005",
	  	  "name": "沐小木",
	  	  "desc": "我的运动日记",
	  	  "num": "132",
	  	  "imgUrl": "http://static1.keepcdn.com/picture/2018/01/10/19/6a40171773ced847682341e2bd0d4d3221d6d8eb_1500x1500.jpg?imageMogr2/thumbnail/306x/quality/95"
	  	},{
	  	  "id": "0006",
	  	  "name": "沐小木",
	  	  "desc": "我的运动日记",
	  	  "num": "132",
	  	  "imgUrl": "http://static1.keepcdn.com/picture/2018/01/11/21/783dfddbed1120bfa413c90d9f299b53b010db25_1332x1776.jpg?imageMogr2/thumbnail/306x/quality/95"
	  	},{
	  	  "id": "0007",
	  	  "name": "沐小木",
	  	  "desc": "我的运动日记",
	  	  "num": "132",
	  	  "imgUrl": "http://static1.keepcdn.com/picture/2018/01/12/08/eaa5d94cf81731ebe8d92d1ff78f971399a6bf4b_1242x1242.jpg?imageMogr2/thumbnail/306x/quality/95"
	  	},{
	  	  "id": "0008",
	  	  "name": "沐小木",
	  	  "desc": "我的运动日记",
	  	  "num": "132",
	  	  "imgUrl": "http://static1.keepcdn.com/picture/2018/01/09/17/7889c43e7202df0f25a1d5ba0cc45a53c9c7b709_1080x1080.jpg?imageMogr2/thumbnail/306x/quality/95"
	  	}],
	  	"dynamic":[{
	  		"id": "00001",
	  		"name": "沐小木",
	  		"date": "12月10日",
	  		"desc": "时间会给你想要的，一切都只是暂时,健康的生活就在眼前!",
	  		"headerImg": "https://static1.keepcdn.com/avatar/2017/12/12/10/5d84e57921cd925aa7b0bdcb7151fff3fccf50d9.jpg?imageMogr2/thumbnail/96x",
	  		"likeNum": "132",
	  		"userDesc": "0",
	  		"imgUrl":[{
	  			"id": "0010",
	  			"imgurl":"https://static1.keepcdn.com/2018/01/11/17/1515663165976_1920x1080.jpg?imageMogr2/thumbnail/306x/quality/95"
	  		},{
	  			"id": "0011",
	  			"imgurl": "http://static1.keepcdn.com/picture/2018/01/10/07/9fd8f67b067806bd3770b4d6bf7eae0624bfb457_1440x1441.jpg"
	  		},{
	  			"id": "0012",
	  			"imgurl": "http://static1.keepcdn.com/picture/2018/01/10/15/5df3486456890a07293d82ea5cbbe5c57b03fb12_1500x1500.jpg"
	  		},{
	  			"id": "0013",
	  			"imgurl": "http://static1.keepcdn.com/picture/2018/01/11/09/ce37db862153cc4f3c01c355c2009fcaa6af00d9_1110x832.jpg"
	  		}]
	  	},{
	  		"id": "00002",
	  		"name": "沐小木",
	  		"date": "12月10日",
	  		"desc": "时间会给你想要的，一切都只是暂时,健康的生活就在眼前!",
	  		"headerImg": "http://static1.keepcdn.com/avatar/2017/08/25/12/34452536f2f60436510506dd2308a6dba8046e37.jpg?imageMogr2/thumbnail/96x",
	  		"likeNum": "132",
	  		"userDesc": "0",
	  		"imgUrl":[{
	  			"id": "0014",
	  			"imgurl":"http://static1.keepcdn.com/picture/2018/01/11/16/4b543dd07f8ac9b54e0b0a9c95112eeaab60e325_1920x1080.jpg?imageMogr2/thumbnail/306x/quality/95"
	  		},{
	  			"id": "0015",
	  			"imgurl": "http://static1.keepcdn.com/picture/2018/01/10/07/9fd8f67b067806bd3770b4d6bf7eae0624bfb457_1440x1441.jpg"
	  		},{
	  			"id": "0016",
	  			"imgurl": "http://static1.keepcdn.com/picture/2018/01/10/15/5df3486456890a07293d82ea5cbbe5c57b03fb12_1500x1500.jpg"
	  		},{
	  			"id": "0017",
	  			"imgurl": "http://static1.keepcdn.com/picture/2018/01/11/09/ce37db862153cc4f3c01c355c2009fcaa6af00d9_1110x832.jpg"
	  		}]
	  	},{
	  		"id": "00003",
	  		"name": "沐小木",
	  		"date": "12月10日",
	  		"desc": "时间会给你想要的，一切都只是暂时,健康的生活就在眼前!",
	  		"headerImg": "http://static1.keepcdn.com/avatar/2016/09/08/14/09cccf8813ec5dfb088dcbc6a77e44bbf9efc091.jpg?imageMogr2/thumbnail/96x",
	  		"likeNum": "132",
	  		"userDesc": "0",
	  		"imgUrl":[{
	  			"id": "0018",
	  			"imgurl":"http://static1.keepcdn.com/picture/2018/01/11/16/4b543dd07f8ac9b54e0b0a9c95112eeaab60e325_1920x1080.jpg?imageMogr2/thumbnail/306x/quality/95"
	  		},{
	  			"id": "0019",
	  			"imgurl": "http://static1.keepcdn.com/picture/2018/01/10/07/9fd8f67b067806bd3770b4d6bf7eae0624bfb457_1440x1441.jpg"
	  		},{
	  			"id": "0020",
	  			"imgurl": "http://static1.keepcdn.com/picture/2018/01/10/15/5df3486456890a07293d82ea5cbbe5c57b03fb12_1500x1500.jpg"
	  		},{
	  			"id": "0021",
	  			"imgurl": "http://static1.keepcdn.com/picture/2018/01/11/09/ce37db862153cc4f3c01c355c2009fcaa6af00d9_1110x832.jpg"
	  		}]
	  	},{
	  		"id": "00004",
	  		"name": "沐小木",
	  		"date": "12月10日",
	  		"desc": "时间会给你想要的，一切都只是暂时,健康的生活就在眼前!",
	  		"headerImg": "https://static1.keepcdn.com/avatar/2017/12/12/10/5d84e57921cd925aa7b0bdcb7151fff3fccf50d9.jpg?imageMogr2/thumbnail/96x",
	  		"likeNum": "132",
	  		"userDesc": "0",
	  		"imgUrl":[{
	  			"id": "0022",
	  			"imgurl":"https://static1.keepcdn.com/2018/01/11/17/1515663165976_1920x1080.jpg?imageMogr2/thumbnail/306x/quality/95"
	  		},{
	  			"id": "0023",
	  			"imgurl": "http://static1.keepcdn.com/picture/2018/01/10/07/9fd8f67b067806bd3770b4d6bf7eae0624bfb457_1440x1441.jpg"
	  		},{
	  			"id": "0024",
	  			"imgurl": "http://static1.keepcdn.com/picture/2018/01/10/15/5df3486456890a07293d82ea5cbbe5c57b03fb12_1500x1500.jpg"
	  		},{
	  			"id": "0025",
	  			"imgurl": "http://static1.keepcdn.com/picture/2018/01/11/09/ce37db862153cc4f3c01c355c2009fcaa6af00d9_1110x832.jpg"
	  		}]
	  	}],
	  	"near": [{
	  		"id": "0101",
	  		"name": "BeckG",
	  		"desc": "最近七天健走7.4万步",
	  		"imgUrl": "http://static1.keepcdn.com/avatar/2016/09/08/14/09cccf8813ec5dfb088dcbc6a77e44bbf9efc091.jpg?imageMogr2/thumbnail/96x"
	  	},{
	  		"id": "0102",
	  		"name": "沐小木",
	  		"desc": "本周健身累计时长20小时",
	  		"imgUrl": "http://static1.keepcdn.com/avatar/2017/08/25/12/34452536f2f60436510506dd2308a6dba8046e37.jpg?imageMogr2/thumbnail/96x"
	  	},{
	  		"id": "0103",
	  		"name": "许薇晴",
	  		"desc": "刚刚跑完2.3公里",
	  		"imgUrl": "https://static1.keepcdn.com/avatar/2016/06/15/18/86f286690263bca66b8f4177ec253038c595a005.jpg?imageMogr2/thumbnail/96x"
	  	},{
	  		"id": "0104",
	  		"name": "Jackson",
	  		"desc": "刚刚完成一组瘦身训练",
	  		"imgUrl": "https://static1.keepcdn.com/avatar/2017/12/12/10/5d84e57921cd925aa7b0bdcb7151fff3fccf50d9.jpg?imageMogr2/thumbnail/96x"
	  	},{
	  		"id": "0105",
	  		"name": "安原生活",
	  		"desc": "刚刚做完HITT燃脂",
	  		"imgUrl": "http://wx.qlogo.cn/mmopen/qWQDYs6XzWsdhqicNkn8O6a3nb0LibOK4qcdmibgrG5KOBJUeWjE9MIgxicHYFrWBiabnzDyy5wmD0TQ0mDuibEqpIszL2Nibw8bwSB/0?imageMogr2/thumbnail/96x"
	  	},{
	  		"id": "0106",
	  		"name": "Anglur",
	  		"desc": "最近七天健走5万步",
	  		"imgUrl": "http://static1.keepcdn.com/avatar/2017/05/25/17/9ab45cbd7c4ef4b0e8b40064f214cb444d0cf98e.jpg?imageMogr2/thumbnail/96x"
	  	},{
	  		"id": "0107",
	  		"name": "一只小猫",
	  		"desc": "刚跑完52分钟",
	  		"imgUrl": "https://static1.keepcdn.com/avatar/2016/06/15/18/86f286690263bca66b8f4177ec253038c595a005.jpg?imageMogr2/thumbnail/96x"
	  	},{
	  		"id": "0108",
	  		"name": "行走的健身强",
	  		"desc": "突破自己运动3小时",
	  		"imgUrl": "https://static1.keepcdn.com/avatar/2017/12/14/15/77427a8f3b6385f672dab1052c31bcfebb322767.jpg?imageMogr2/thumbnail/96x"
	  	},{
	  		"id": "0109",
	  		"name": "Jone",
	  		"desc": "最近七天健走7.4万步",
	  		"imgUrl": "https://static1.keepcdn.com/avatar/2017/12/21/22/2c1af8800b69e38793209c37aba42b84b6765477.jpg?imageMogr2/thumbnail/96x"
	  	},{
	  		"id": "0110",
	  		"name": "BeckG",
	  		"desc": "最近七天健走7.4万步",
	  		"imgUrl": "http://static1.keepcdn.com/avatar/2016/09/08/14/09cccf8813ec5dfb088dcbc6a77e44bbf9efc091.jpg?imageMogr2/thumbnail/96x"
	  	}]
	}
	
}