{
	"ret": true,
	"data": {
		"run": {
			"running": "5.0",
			"title": "开始跑步",
			"mask": "RUNNING",
			"sport": [
				{	
					"title": "跑步入门攻略",
					"run": [{
						"id": "s001",
						"imgUrl": "http://static1.keepcdn.com/picture/2018/01/10/13/d9b2afa2adb8893b277323d91d63ce893f02cd71_1999x1998.jpg",
						"guide": "跑步入门攻略",
						"des": "跑步姿势、营养装备、进阶达人"
					},
					{
						"id": "s002",
						"imgUrl": "http://static1.keepcdn.com/picture/2018/01/10/18/96784d1be6f87d15117fd135154c4a469ffeecc6_1138x853.jpg",
						"guide": "跑步入门攻略",
						"des": "跑步姿势、营养装备、进阶达人"
					},
					{
						"id": "s003",
						"imgUrl": "http://static1.keepcdn.com/picture/2018/01/10/18/d024d9a72e6bba3cfd9135e3141956da19f2e4da_635x636.jpg",
						"guide": "跑步入门攻略",
						"des": "跑步姿势、营养装备、进阶达人"
					},
					{
						"id": "s004",
						"imgUrl": "http://static1.keepcdn.com/picture/2018/01/10/12/25b9c1d61d50922d4f436bd4d623f9719795ca3c_2000x1500.jpg",
						"guide": "跑步入门攻略",
						"des": "跑步姿势、营养装备、进阶达人"
					}]
				},
				{
					"title": "跑步话题",
					"run": [{
						"id": "s001",
						"imgUrl": "http://static1.keepcdn.com/picture/2018/01/10/13/d9b2afa2adb8893b277323d91d63ce893f02cd71_1999x1998.jpg",
						"guide": "跑步入门攻略",
						"des": "跑步姿势、营养装备、进阶达人"
					},
					{
						"id": "s002",
						"imgUrl": "http://static1.keepcdn.com/picture/2018/01/10/18/96784d1be6f87d15117fd135154c4a469ffeecc6_1138x853.jpg",
						"guide": "跑步入门攻略",
						"des": "跑步姿势、营养装备、进阶达人"
					},
					{
						"id": "s003",
						"imgUrl": "http://static1.keepcdn.com/picture/2018/01/10/18/d024d9a72e6bba3cfd9135e3141956da19f2e4da_635x636.jpg",
						"guide": "跑步入门攻略",
						"des": "跑步姿势、营养装备、进阶达人"
					},
					{
						"id": "s004",
						"imgUrl": "http://static1.keepcdn.com/picture/2018/01/10/12/25b9c1d61d50922d4f436bd4d623f9719795ca3c_2000x1500.jpg",
						"guide": "跑步入门攻略",
						"des": "跑步姿势、营养装备、进阶达人"
					}]
				}
			]
		},
		"cycling": {
			"running": "3.5",
			"title": "开始骑行",
			"mask": "CYCLING",
			"sport": [
				{
					"title": "骑行话题",
					"run": [{
						"id": "s001",
						"imgUrl": "http://static1.keepcdn.com/picture/2018/01/12/13/94704a7f9b3943570aabe9b5ee834e8f5150ab48_1500x1124.jpg",
						"guide": "那些自行车赛事",
						"des": "哪场赛事让你印象深刻"
					},
					{
						"id": "s002",
						"imgUrl": "https://static1.keepcdn.com/misc/2016/06/12/16/5550f1ffe4400000.jpg",
						"guide": "骑行话题",
						"des": "跑步姿势、营养装备、进阶达人"
					},
					{
						"id": "s003",
						"imgUrl": "http://static1.keepcdn.com/picture/2018/01/10/18/d024d9a72e6bba3cfd9135e3141956da19f2e4da_635x636.jpg",
						"guide": "跑步入门攻略",
						"des": "跑步姿势、营养装备、进阶达人"
					},
					{
						"id": "s004",
						"imgUrl": "http://static1.keepcdn.com/picture/2018/01/10/12/25b9c1d61d50922d4f436bd4d623f9719795ca3c_2000x1500.jpg",
						"guide": "跑步入门攻略",
						"des": "跑步姿势、营养装备、进阶达人"
					}]
				}
			]
		},
		"walking": {
			"running": "2.0",
			"title": "开始健走",
			"mask": "WALKING",
			"sport": [
				{
					"title": "健走话题",
					"run": [{
						"id": "s001",
						"imgUrl": "https://static1.keepcdn.com/2018/01/12/18/1515754703856_1920x1080.jpg",
						"guide": "计步挑战",
						"des": "从每天多走几米开始"
					},
					{
						"id": "s002",
						"imgUrl": "http://static1.keepcdn.com/picture/2018/01/12/12/389c87a3a582e67d064472e9827d2177548804e4_2000x2000.jpg",
						"guide": "走过那些风景",
						"des": "走过的路，看过的风景"
					},
					{
						"id": "s003",
						"imgUrl": "http://static1.keepcdn.com/picture/2018/01/10/18/d024d9a72e6bba3cfd9135e3141956da19f2e4da_635x636.jpg",
						"guide": "跑步入门攻略",
						"des": "跑步姿势、营养装备、进阶达人"
					},
					{
						"id": "s004",
						"imgUrl": "http://static1.keepcdn.com/picture/2018/01/10/12/25b9c1d61d50922d4f436bd4d623f9719795ca3c_2000x1500.jpg",
						"guide": "跑步入门攻略",
						"des": "跑步姿势、营养装备、进阶达人"
					}]
				}
			]
		}
	}
}